concept	en wiki
English setter	https://en.wikipedia.org/wiki/English_Setter
grey whale, gray whale, devilfish, Eschrichtius gibbosus, Eschrichtius robustus	https://en.wikipedia.org/wiki/Gray_whale
Egyptian cat	https://en.wikipedia.org/wiki/Egyptian_Mau
Staffordshire bullterrier, Staffordshire bull terrier	https://en.wikipedia.org/wiki/Staffordshire_Bull_Terrier
miniature poodle	https://en.wikipedia.org/wiki/Poodle
colobus, colobus monkey	https://en.wikipedia.org/wiki/Black-and-white_colobus
Newfoundland, Newfoundland dog	https://en.wikipedia.org/wiki/Newfoundland_dog
grey fox, gray fox, Urocyon cinereoargenteus	https://en.wikipedia.org/wiki/Gray_fox
ice bear, polar bear, Ursus Maritimus, Thalarctos maritimus	https://en.wikipedia.org/wiki/Polar_bear
Doberman, Doberman pinscher	https://en.wikipedia.org/wiki/Dobermann
Arabian camel, dromedary, Camelus dromedarius	https://en.wikipedia.org/wiki/Dromedary
boxer	https://en.wikipedia.org/wiki/Boxing
Brittany spaniel	https://en.wikipedia.org/wiki/Brittany_(dog)
tabby, tabby cat	https://en.wikipedia.org/wiki/Tabby_cat
Madagascar cat, ring-tailed lemur, Lemur catta	https://en.wikipedia.org/wiki/Fossa_(animal)
African hunting dog, hyena dog, Cape hunting dog, Lycaon pictus	https://en.wikipedia.org/wiki/African_wild_dog
timber wolf, grey wolf, gray wolf, Canis lupus	https://en.wikipedia.org/wiki/Subspecies_of_Canis_lupus
tusker	https://en.wikipedia.org/wiki/Elephant
soccer ball	https://en.wikipedia.org/wiki/Ball_(association_football)
grand piano, grand	https://en.wikipedia.org/wiki/Piano
warplane, military plane	https://en.wikipedia.org/wiki/Military_aircraft
speedboat	https://en.wikipedia.org/wiki/Motorboat
liner, ocean liner	https://en.wikipedia.org/wiki/Ocean_liner
wreck	https://en.wikipedia.org/wiki/Shipwreck
bobsled, bobsleigh, bob	https://en.wikipedia.org/wiki/Bobsleigh
bicycle-built-for-two, tandem bicycle, tandem	https://en.wikipedia.org/wiki/Tandem_bicycle
freight car	https://en.wikipedia.org/wiki/Railroad_car
motor scooter, scooter	https://en.wikipedia.org/wiki/Scooter_(motorcycle)
beach wagon, station wagon, wagon, estate car, beach waggon, station waggon, waggon	https://en.wikipedia.org/wiki/Toy_wagon
Model T	https://en.wikipedia.org/wiki/Ford_Model_T
golfcart, golf cart	https://en.wikipedia.org/wiki/Golf_cart
trailer truck, tractor trailer, trucking rig, rig, articulated lorry, semi	https://en.wikipedia.org/wiki/Semi-trailer_truck
streetcar, tram, tramcar, trolley, trolley car	https://en.wikipedia.org/wiki/Tram
horse cart, horse-cart	https://en.wikipedia.org/wiki/Horse-drawn_vehicle
oxcart	https://en.wikipedia.org/wiki/Bullock_cart
crib, cot	https://en.wikipedia.org/wiki/Infant_bed
table lamp	https://en.wikipedia.org/wiki/Light_fixture
pay-phone, pay-station	https://en.wikipedia.org/wiki/Payphone
studio couch, day bed	https://en.wikipedia.org/wiki/Couch
pool table, billiard table, snooker table	https://en.wikipedia.org/wiki/Billiard_table
fig	https://en.wikipedia.org/wiki/Ficus
ear, spike, capitulum	https://en.wikipedia.org/wiki/Pseudanthium
corn	https://en.wikipedia.org/wiki/Maize
upright, upright piano	https://en.wikipedia.org/wiki/Body_relative_direction
steel drum	https://en.wikipedia.org/wiki/Steelpan
panpipe, pandean pipe, syrinx	https://en.wikipedia.org/wiki/Pan_flute
daisy	https://en.wikipedia.org/wiki/Bellis_perennis
alp	https://en.wikipedia.org/wiki/Mountain
sandbar, sand bar	https://en.wikipedia.org/wiki/Shoal
lakeside, lakeshore	https://en.wikipedia.org/wiki/Shore
letter opener, paper knife, paperknife	https://en.wikipedia.org/wiki/Paper_knife
power drill	https://en.wikipedia.org/wiki/Drill
plow, plough	https://en.wikipedia.org/wiki/Plough
cock	https://en.wikipedia.org/wiki/Rooster
goldfinch, Carduelis carduelis	https://en.wikipedia.org/wiki/European_goldfinch
water ouzel, dipper	https://en.wikipedia.org/wiki/Dipper
ptarmigan	https://en.wikipedia.org/wiki/Lagopus
prairie chicken, prairie grouse, prairie fowl	https://en.wikipedia.org/wiki/Tympanuchus
African grey, African gray, Psittacus erithacus	https://en.wikipedia.org/wiki/Grey_parrot
lorikeet	https://en.wikipedia.org/wiki/Loriini
bee eater	https://en.wikipedia.org/wiki/Bee-eater
American egret, great white heron, Egretta albus	https://en.wikipedia.org/wiki/Reddish_egret
red-backed sandpiper, dunlin, Erolia alpina	https://en.wikipedia.org/wiki/Sandpiper
European gallinule, Porphyrio porphyrio	https://en.wikipedia.org/wiki/Common_gallinule
barracouta, snoek	https://en.wikipedia.org/wiki/Thyrsites
anemone fish	https://en.wikipedia.org/wiki/Amphiprioninae
puffer, pufferfish, blowfish, globefish	https://en.wikipedia.org/wiki/Tetraodontidae
mud turtle	https://en.wikipedia.org/wiki/Kinosternon
banded gecko	https://en.wikipedia.org/wiki/Western_banded_gecko
American chameleon, anole, Anolis carolinensis	https://en.wikipedia.org/wiki/Anolis_carolinensis
frilled lizard, Chlamydosaurus kingi	https://en.wikipedia.org/wiki/Chlamydosaurus
green lizard, Lacerta viridis	https://en.wikipedia.org/wiki/European_green_lizard
African crocodile, Nile crocodile, Crocodylus niloticus	https://en.wikipedia.org/wiki/Nile_crocodile
thunder snake, worm snake, Carphophis amoenus	https://en.wikipedia.org/wiki/Agkistrodon_contortrix_laticinctus
hognose snake, puff adder, sand viper	https://en.wikipedia.org/wiki/Hognose
vine snake	https://en.wikipedia.org/wiki/Colubridae
horned viper, cerastes, sand viper, horned asp, Cerastes cornutus	https://en.wikipedia.org/wiki/Cerastes_(genus)
European fire salamander, Salamandra salamandra	https://en.wikipedia.org/wiki/Fire_salamander
eft	https://en.wikipedia.org/wiki/Newt
bullfrog, Rana catesbeiana	https://en.wikipedia.org/wiki/Frog
electric fan, blower	https://en.wikipedia.org/wiki/Fan_(machine)
strainer	https://en.wikipedia.org/wiki/Sieve
analog clock	https://en.wikipedia.org/wiki/Clock
wall clock	https://en.wikipedia.org/wiki/Clock
digital watch	https://en.wikipedia.org/wiki/Watch
magnetic compass	https://en.wikipedia.org/wiki/Compass
typewriter keyboard	https://en.wikipedia.org/wiki/Typewriter
hand-held computer, hand-held microcomputer	https://en.wikipedia.org/wiki/Mobile_device
car wheel	https://en.wikipedia.org/wiki/Wheel
pinwheel	https://en.wikipedia.org/wiki/Pinwheel_(toy)
gas pump, gasoline pump, petrol pump, island dispenser	https://en.wikipedia.org/wiki/Gasoline_pump
hard disc, hard disk, fixed disk	https://en.wikipedia.org/wiki/Hard_disk_drive
car mirror	https://en.wikipedia.org/wiki/Rear-view_mirror
disk brake, disc brake	https://en.wikipedia.org/wiki/Disc_brake
hair slide	https://en.wikipedia.org/wiki/Barrette
web site, website, internet site, site	https://en.wikipedia.org/wiki/Website
neck brace	https://en.wikipedia.org/wiki/Cervical_collar
hand blower, blow dryer, blow drier, hair dryer, hair drier	https://en.wikipedia.org/wiki/Leaf_blower
harvestman, daddy longlegs, Phalangium opilio	https://en.wikipedia.org/wiki/Opiliones
garden spider, Aranea diademata	https://en.wikipedia.org/wiki/Argiope_aurantia
isopod	https://en.wikipedia.org/wiki/Isopoda
rock crab, Cancer irroratus	https://en.wikipedia.org/wiki/Cancer_irroratus
ladybug, ladybeetle, lady beetle, ladybird, ladybird beetle	https://en.wikipedia.org/wiki/Coccinellidae
long-horned beetle, longicorn, longicorn beetle	https://en.wikipedia.org/wiki/Longhorn_beetle
rhinoceros beetle	https://en.wikipedia.org/wiki/Dynastinae
lacewing, lacewing fly	https://en.wikipedia.org/wiki/Neuroptera
monarch, monarch butterfly, milkweed butterfly, Danaus plexippus	https://en.wikipedia.org/wiki/Danaus_(butterfly)
sulphur butterfly, sulfur butterfly	https://en.wikipedia.org/wiki/Coliadinae
espresso maker	https://en.wikipedia.org/wiki/Espresso_machine
vacuum, vacuum cleaner	https://en.wikipedia.org/wiki/Vacuum_cleaner
Crock Pot	https://en.wikipedia.org/wiki/Slow_cooker
caldron, cauldron	https://en.wikipedia.org/wiki/Cauldron
steel arch bridge	https://en.wikipedia.org/wiki/Arch_bridge
lumbermill, sawmill	https://en.wikipedia.org/wiki/Sawmill
bookshop, bookstore, bookstall	https://en.wikipedia.org/wiki/Bookselling
shoe shop, shoe-shop, shoe store	https://en.wikipedia.org/wiki/Shoemaking
toyshop	https://en.wikipedia.org/wiki/Toy_store
dock, dockage, docking facility	https://en.wikipedia.org/wiki/Dock_(maritime)
bannister, banister, balustrade, balusters, handrail	https://en.wikipedia.org/wiki/Handrail
chainlink fence	https://en.wikipedia.org/wiki/Chain-link_fencing
worm fence, snake fence, snake-rail fence, Virginia fence	https://en.wikipedia.org/wiki/Split-rail_fence
mountain tent	https://en.wikipedia.org/wiki/Tent
plate rack	https://en.wikipedia.org/wiki/Dish_drying_cabinet
leatherback turtle, leatherback, leathery turtle, Dermochelys coriacea	https://en.wikipedia.org/wiki/Leatherback_sea_turtle
head cabbage	https://en.wikipedia.org/wiki/Cabbage
shower curtain	https://en.wikipedia.org/wiki/Shower
ashcan, trash can, garbage can, wastebin, ash bin, ash-bin, ashbin, dustbin, trash barrel, trash bin	https://en.wikipedia.org/wiki/Waste_container
plate	https://en.wikipedia.org/wiki/Food_presentation
croquet ball	https://en.wikipedia.org/wiki/Croquet
pajama, pyjama, pj's, jammies	https://en.wikipedia.org/wiki/Pajamas
chest	https://en.wikipedia.org/wiki/Chest_(furniture)
whiskey jug	https://en.wikipedia.org/wiki/Jug
book jacket, dust cover, dust jacket, dust wrapper	https://en.wikipedia.org/wiki/Dust_jacket
ski mask	https://en.wikipedia.org/wiki/Balaclava_(clothing)
crash helmet	https://en.wikipedia.org/wiki/Helmet
tile roof	https://en.wikipedia.org/wiki/Roof_tiles
bathing cap, swimming cap	https://en.wikipedia.org/wiki/Swim_cap
holster	https://en.wikipedia.org/wiki/Handgun_holster
crossword puzzle, crossword	https://en.wikipedia.org/wiki/Crossword
drumstick	https://en.wikipedia.org/wiki/Drum_stick
hoopskirt, crinoline	https://en.wikipedia.org/wiki/Hoop_skirt
beer glass	https://en.wikipedia.org/wiki/Beer_glassware
mailbag, postbag	https://en.wikipedia.org/wiki/Mail_bag
dishrag, dishcloth	https://en.wikipedia.org/wiki/Dishcloth
mortar	https://en.wikipedia.org/wiki/Mortar_and_pestle
swab, swob, mop	https://en.wikipedia.org/wiki/Cotton_swab
drilling platform, offshore rig	https://en.wikipedia.org/wiki/Oil_platform
sweatshirt	https://en.wikipedia.org/wiki/Sweater
birdhouse	https://en.wikipedia.org/wiki/Nest_box
ping-pong ball	https://en.wikipedia.org/wiki/Table_tennis
consomme	https://en.wikipedia.org/wiki/Consommé
groom, bridegroom	https://en.wikipedia.org/wiki/Bridegroom
mortarboard	https://en.wikipedia.org/wiki/Square_academic_cap
Polaroid camera, Polaroid Land camera	https://en.wikipedia.org/wiki/Instant_camera
racket, racquet	https://en.wikipedia.org/wiki/Racket_(sports_equipment)
mitten	https://en.wikipedia.org/wiki/glove
French loaf	https://en.wikipedia.org/wiki/Baguette
milk can	https://en.wikipedia.org/wiki/Milk_churn
earthstar	https://en.wikipedia.org/wiki/Geastrales
hotdog, hot dog, red hot	https://en.wikipedia.org/wiki/Hot_dog
bullet train, bullet	https://en.wikipedia.org/wiki/High-speed_rail
toilet tissue, toilet paper, bathroom tissue	https://en.wikipedia.org/wiki/Toilet_paper
carpenter's kit, tool kit	https://en.wikipedia.org/wiki/Toolbox
stinkhorn, carrion fungus	https://en.wikipedia.org/wiki/Phallaceae
academic gown, academic robe, judge's robe	https://en.wikipedia.org/wiki/Academic_dress
pill bottle	https://en.wikipedia.org/wiki/Drug_packaging
theater curtain, theatre curtain	https://en.wikipedia.org/wiki/Front_curtain
washbasin, handbasin, washbowl, lavabo, wash-hand basin	https://en.wikipedia.org/wiki/Sink
bath towel	https://en.wikipedia.org/wiki/Towel
standard poodle	https://en.wikipedia.org/wiki/Poodle
mailbox, letter box	https://en.wikipedia.org/wiki/Letter_box
rain barrel	https://en.wikipedia.org/wiki/Rainwater_tank
cassette player	https://en.wikipedia.org/wiki/Cassette_deck
street sign	https://en.wikipedia.org/wiki/Traffic_sign
Windsor tie	https://en.wikipedia.org/wiki/Windsor_knot
swimming trunks, bathing trunks	https://en.wikipedia.org/wiki/Swimsuit
saltshaker, salt shaker	https://en.wikipedia.org/wiki/Salt_and_pepper_shakers
ballplayer, baseball player	https://en.wikipedia.org/wiki/Ball_game
jersey, T-shirt, tee shirt	https://en.wikipedia.org/wiki/Jersey_(clothing)
ice lolly, lolly, lollipop, popsicle	https://en.wikipedia.org/wiki/Ice_pop
gasmask, respirator, gas helmet	https://en.wikipedia.org/wiki/Gas_mask
Loafer	https://en.wikipedia.org/wiki/Slip-on_shoe
tape player	https://en.wikipedia.org/wiki/Tape_recorder
iPod	https://en.wikipedia.org/wiki/iPod
scuba diver	https://en.wikipedia.org/wiki/Scuba_diving
matchstick	https://en.wikipedia.org/wiki/Match
CD player	https://en.wikipedia.org/wiki/CD_player
thatch, thatched roof	https://en.wikipedia.org/wiki/thatching
beaker	https://en.wikipedia.org/wiki/Beaker_(laboratory_equipment)
flagpole, flagstaff	https://en.wikipedia.org/wiki/Flag
rubber eraser, rubber, pencil eraser	https://en.wikipedia.org/wiki/Eraser
English springer, English springer spaniel	https://en.wikipedia.org/wiki/English_Springer_Spaniel
Walker hound, Walker foxhound	https://en.wikipedia.org/wiki/Treeing_Walker_Coonhound
soft-coated wheaten terrier	https://en.wikipedia.org/wiki/Soft-coated_Wheaten_Terrier
Old English sheepdog, bobtail	https://en.wikipedia.org/wiki/Old_English_Sheepdog
black-and-tan coonhound	https://en.wikipedia.org/wiki/Black_and_Tan_Coonhound
Mexican hairless	https://en.wikipedia.org/wiki/Xoloitzcuintle
Lhasa, Lhasa apso	https://en.wikipedia.org/wiki/Lhasa_Apso
Brabancon griffon	https://en.wikipedia.org/wiki/Griffon_Bruxellois
EntleBucher	https://en.wikipedia.org/wiki/Entlebucher_Mountain_Dog
Bernese mountain dog	https://en.wikipedia.org/wiki/Bernese_Mountain_Dog
toy terrier	https://en.wikipedia.org/wiki/English_Toy_Terrier_(Black_%26_Tan)
groenendael	https://en.wikipedia.org/wiki/Belgian_Shepherd
Japanese spaniel	https://en.wikipedia.org/wiki/Japanese_Chin
toy poodle	https://en.wikipedia.org/wiki/Poodle
Scotch terrier, Scottish terrier, Scottie	https://en.wikipedia.org/wiki/Scottish_Terrier
Greater Swiss Mountain dog	https://en.wikipedia.org/wiki/Greater_Swiss_Mountain_Dog
Shih-Tzu	https://en.wikipedia.org/wiki/Shih_Tzu
miniature schnauzer	https://en.wikipedia.org/wiki/Miniature_Schnauzer
silky terrier, Sydney silky	https://en.wikipedia.org/wiki/Australian_Silky_Terrier
German short-haired pointer	https://en.wikipedia.org/wiki/German_Shorthaired_Pointer
Chesapeake Bay retriever	https://en.wikipedia.org/wiki/Chesapeake_Bay_Retriever
wire-haired fox terrier	https://en.wikipedia.org/wiki/Wire_Fox_Terrier
American Staffordshire terrier, Staffordshire terrier, American pit bull terrier, pit bull terrier	https://en.wikipedia.org/wiki/American_Staffordshire_Terrier
Great Pyrenees	https://en.wikipedia.org/wiki/Pyrenean_Mountain_Dog
Labrador retriever	https://en.wikipedia.org/wiki/Labrador_Retriever
bluetick	https://en.wikipedia.org/wiki/Bluetick_Coonhound
Italian greyhound	https://en.wikipedia.org/wiki/Italian_Greyhound
Blenheim spaniel	https://en.wikipedia.org/wiki/King_Charles_Spaniel
Border terrier	https://en.wikipedia.org/wiki/Border_Terrier
kit fox, Vulpes macrotis	https://en.wikipedia.org/wiki/Kit_fox
Australian terrier	https://en.wikipedia.org/wiki/Australian_Terrier
lesser panda, red panda, panda, bear cat, cat bear, Ailurus fulgens	https://en.wikipedia.org/wiki/Red_panda
ibex, Capra ibex	https://en.wikipedia.org/wiki/Ibex
Persian cat	https://en.wikipedia.org/wiki/Persian_cat
cougar, puma, catamount, mountain lion, painter, panther, Felis concolor	https://en.wikipedia.org/wiki/Cougar
gazelle	https://en.wikipedia.org/wiki/Gazelle
porcupine, hedgehog	https://en.wikipedia.org/wiki/Porcupine
sea lion	https://en.wikipedia.org/wiki/Sea_lion
badger	https://en.wikipedia.org/wiki/Badger
Great Dane	https://en.wikipedia.org/wiki/Great_Dane
Scottish deerhound, deerhound	https://en.wikipedia.org/wiki/Scottish_Deerhound
killer whale, killer, orca, grampus, sea wolf, Orcinus orca	https://en.wikipedia.org/wiki/Killer_whale
mink	https://en.wikipedia.org/wiki/Mink
African elephant, Loxodonta africana	https://en.wikipedia.org/wiki/African_elephant
red wolf, maned wolf, Canis rufus, Canis niger	https://en.wikipedia.org/wiki/Red_wolf
jaguar, panther, Panthera onca, Felis onca	https://en.wikipedia.org/wiki/Jaguar
hyena, hyaena	https://en.wikipedia.org/wiki/Hyena
titi, titi monkey	https://en.wikipedia.org/wiki/Titi
three-toed sloth, ai, Bradypus tridactylus	https://en.wikipedia.org/wiki/Three-toed_sloth
sorrel	https://en.wikipedia.org/wiki/Sorrel
black-footed ferret, ferret, Mustela nigripes	https://en.wikipedia.org/wiki/Black-footed_ferret
dalmatian, coach dog, carriage dog	https://en.wikipedia.org/wiki/Dalmatian
Bouvier des Flandres, Bouviers des Flandres	https://en.wikipedia.org/wiki/Bouvier_des_Flandres
weasel	https://en.wikipedia.org/wiki/Weasel
bighorn, bighorn sheep, cimarron, Rocky Mountain bighorn, Rocky Mountain sheep, Ovis canadensis	https://en.wikipedia.org/wiki/Bighorn_sheep
fox squirrel, eastern fox squirrel, Sciurus niger	https://en.wikipedia.org/wiki/Fox_squirrel
tiger cat	https://en.wikipedia.org/wiki/Tabby_cat
impala, Aepyceros melampus	https://en.wikipedia.org/wiki/Impala
coyote, prairie wolf, brush wolf, Canis latrans	https://en.wikipedia.org/wiki/Coyote
Yorkshire terrier	https://en.wikipedia.org/wiki/Yorkshire_Terrier
red fox, Vulpes vulpes	https://en.wikipedia.org/wiki/Red_fox
hartebeest	https://en.wikipedia.org/wiki/Hartebeest
Pekinese, Pekingese, Peke	https://en.wikipedia.org/wiki/Pekingese
guenon, guenon monkey	https://en.wikipedia.org/wiki/Guenon
mongoose	https://en.wikipedia.org/wiki/Mongoose
indri, indris, Indri indri, Indri brevicaudatus	https://en.wikipedia.org/wiki/Indri
tiger, Panthera tigris	https://en.wikipedia.org/wiki/Tiger
wild boar, boar, Sus scrofa	https://en.wikipedia.org/wiki/Wild_boar
zebra	https://en.wikipedia.org/wiki/Zebra
ram, tup	https://en.wikipedia.org/wiki/Ram
orangutan, orang, orangutang, Pongo pygmaeus	https://en.wikipedia.org/wiki/Orangutan
basenji	https://en.wikipedia.org/wiki/Basenji
leopard, Panthera pardus	https://en.wikipedia.org/wiki/Leopard
vizsla, Hungarian pointer	https://en.wikipedia.org/wiki/Vizsla
squirrel monkey, Saimiri sciureus	https://en.wikipedia.org/wiki/Squirrel_monkey
Siamese cat, Siamese	https://en.wikipedia.org/wiki/Siamese_cat
chimpanzee, chimp, Pan troglodytes	https://en.wikipedia.org/wiki/Chimpanzee
komondor	https://en.wikipedia.org/wiki/Komondor
proboscis monkey, Nasalis larvatus	https://en.wikipedia.org/wiki/Proboscis_monkey
guinea pig, Cavia cobaya	https://en.wikipedia.org/wiki/Guinea_pig
white wolf, Arctic wolf, Canis lupus tundrarum	https://en.wikipedia.org/wiki/Arctic_wolf
gorilla, Gorilla gorilla	https://en.wikipedia.org/wiki/Gorilla
ox	https://en.wikipedia.org/wiki/Ox
Tibetan mastiff	https://en.wikipedia.org/wiki/Tibetan_Mastiff
spider monkey, Ateles geoffroyi	https://en.wikipedia.org/wiki/Spider_monkey
warthog	https://en.wikipedia.org/wiki/Warthog
siamang, Hylobates syndactylus, Symphalangus syndactylus	https://en.wikipedia.org/wiki/Siamang
golden retriever	https://en.wikipedia.org/wiki/Golden_Retriever
Border collie	https://en.wikipedia.org/wiki/Border_Collie
hare	https://en.wikipedia.org/wiki/Hare
patas, hussar monkey, Erythrocebus patas	https://en.wikipedia.org/wiki/Patas_monkey
baboon	https://en.wikipedia.org/wiki/Baboon
macaque	https://en.wikipedia.org/wiki/Macaque
capuchin, ringtail, Cebus capucinus	https://en.wikipedia.org/wiki/Capuchin
flat-coated retriever	https://en.wikipedia.org/wiki/Flat-coated_Retriever
hog, pig, grunter, squealer, Sus scrofa	https://en.wikipedia.org/wiki/Hog
Eskimo dog, husky	https://en.wikipedia.org/wiki/Eskimo_dog
dial telephone, dial phone	https://en.wikipedia.org/wiki/Rotary_dial
maze, labyrinth	https://en.wikipedia.org/wiki/Maze
Gordon setter	https://en.wikipedia.org/wiki/Gordon_Setter
dingo, warrigal, warragal, Canis dingo	https://en.wikipedia.org/wiki/Dingo
hamster	https://en.wikipedia.org/wiki/Hamster
Arctic fox, white fox, Alopex lagopus	https://en.wikipedia.org/wiki/Arctic_fox
water buffalo, water ox, Asiatic buffalo, Bubalus bubalis	https://en.wikipedia.org/wiki/Water_buffalo
American black bear, black bear, Ursus americanus, Euarctos americanus	https://en.wikipedia.org/wiki/American_black_bear
Angora, Angora rabbit	https://en.wikipedia.org/wiki/Angora
bison	https://en.wikipedia.org/wiki/Bison
howler monkey, howler	https://en.wikipedia.org/wiki/Howler_monkey
hippopotamus, hippo, river horse, Hippopotamus amphibius	https://en.wikipedia.org/wiki/Hippopotamus
giant panda, panda, panda bear, coon bear, Ailuropoda melanoleuca	https://en.wikipedia.org/wiki/Giant_panda
marmoset	https://en.wikipedia.org/wiki/Marmoset
Saint Bernard, St Bernard	https://en.wikipedia.org/wiki/St._Bernard_(dog)
armadillo	https://en.wikipedia.org/wiki/Armadillo
redbone	https://en.wikipedia.org/wiki/Redbone
polecat, fitch, foulmart, foumart, Mustela putorius	https://en.wikipedia.org/wiki/Polecat
marmot	https://en.wikipedia.org/wiki/Marmot
gibbon, Hylobates lar	https://en.wikipedia.org/wiki/Gibbon
llama	https://en.wikipedia.org/wiki/Llama
lion, king of beasts, Panthera leo	https://en.wikipedia.org/wiki/Lion
Irish setter, red setter	https://en.wikipedia.org/wiki/Irish_Setter
dugong, Dugong dugon	https://en.wikipedia.org/wiki/Dugong
Indian elephant, Elephas maximus	https://en.wikipedia.org/wiki/Indian_elephant
beaver	https://en.wikipedia.org/wiki/Beaver
Rhodesian ridgeback	https://en.wikipedia.org/wiki/Rhodesian_Ridgeback
lynx, catamount	https://en.wikipedia.org/wiki/Lynx
langur	https://en.wikipedia.org/wiki/Colobinae
cheetah, chetah, Acinonyx jubatus	https://en.wikipedia.org/wiki/Cheetah
sloth bear, Melursus ursinus, Ursus ursinus	https://en.wikipedia.org/wiki/Sloth_bear
German shepherd, German shepherd dog, German police dog, alsatian	https://en.wikipedia.org/wiki/German_Shepherd
otter	https://en.wikipedia.org/wiki/Otter
koala, koala bear, kangaroo bear, native bear, Phascolarctos cinereus	https://en.wikipedia.org/wiki/Koala
echidna, spiny anteater, anteater	https://en.wikipedia.org/wiki/Echidna
wallaby, brush kangaroo	https://en.wikipedia.org/wiki/Wallaby
platypus, duckbill, duckbilled platypus, duck-billed platypus, Ornithorhynchus anatinus	https://en.wikipedia.org/wiki/Platypus
wombat	https://en.wikipedia.org/wiki/Wombat
revolver, six-gun, six-shooter	https://en.wikipedia.org/wiki/Revolver
umbrella	https://en.wikipedia.org/wiki/Umbrella
schooner	https://en.wikipedia.org/wiki/Schooner
accordion, piano accordion, squeeze box	https://en.wikipedia.org/wiki/Accordion
ant, emmet, pismire	https://en.wikipedia.org/wiki/Ant
starfish, sea star	https://en.wikipedia.org/wiki/Starfish
chambered nautilus, pearly nautilus, nautilus	https://en.wikipedia.org/wiki/Chambered_nautilus
laptop, laptop computer	https://en.wikipedia.org/wiki/Laptop
strawberry	https://en.wikipedia.org/wiki/Strawberry
airliner	https://en.wikipedia.org/wiki/Airliner
airship, dirigible	https://en.wikipedia.org/wiki/Airship
balloon	https://en.wikipedia.org/wiki/Balloon
space shuttle	https://en.wikipedia.org/wiki/Space_Shuttle
fireboat	https://en.wikipedia.org/wiki/Fireboat
gondola	https://en.wikipedia.org/wiki/Gondola
lifeboat	https://en.wikipedia.org/wiki/Lifeboat_(shipboard)
canoe	https://en.wikipedia.org/wiki/Canoe
yawl	https://en.wikipedia.org/wiki/Yawl
catamaran	https://en.wikipedia.org/wiki/Catamaran
trimaran	https://en.wikipedia.org/wiki/Trimaran
container ship, containership, container vessel	https://en.wikipedia.org/wiki/Container_ship
pirate, pirate ship	https://en.wikipedia.org/wiki/Piracy
aircraft carrier, carrier, flattop, attack aircraft carrier	https://en.wikipedia.org/wiki/Aircraft_carrier
submarine, pigboat, sub, U-boat	https://en.wikipedia.org/wiki/Submarine
half track	https://en.wikipedia.org/wiki/Half-track
tank, army tank, armored combat vehicle, armoured combat vehicle	https://en.wikipedia.org/wiki/Tank
missile	https://en.wikipedia.org/wiki/Missile
dogsled, dog sled, dog sleigh	https://en.wikipedia.org/wiki/dog_sled
mountain bike, all-terrain bike, off-roader	https://en.wikipedia.org/wiki/Mountain_bike
passenger car, coach, carriage	https://en.wikipedia.org/wiki/Passenger_car
barrow, garden cart, lawn cart, wheelbarrow	https://en.wikipedia.org/wiki/Barrow
shopping cart	https://en.wikipedia.org/wiki/Shopping_cart
forklift	https://en.wikipedia.org/wiki/Forklift
electric locomotive	https://en.wikipedia.org/wiki/Electric_locomotive
steam locomotive	https://en.wikipedia.org/wiki/Steam_locomotive
amphibian, amphibious vehicle	https://en.wikipedia.org/wiki/Amphibian
ambulance	https://en.wikipedia.org/wiki/Ambulance
cab, hack, taxi, taxicab	https://en.wikipedia.org/wiki/Cab
convertible	https://en.wikipedia.org/wiki/Convertible
jeep, landrover	https://en.wikipedia.org/wiki/Jeep
limousine, limo	https://en.wikipedia.org/wiki/Limousine
minivan	https://en.wikipedia.org/wiki/Minivan
racer, race car, racing car	https://en.wikipedia.org/wiki/Racer
sports car, sport car	https://en.wikipedia.org/wiki/Sports_car
go-kart	https://en.wikipedia.org/wiki/Go-kart
moped	https://en.wikipedia.org/wiki/Moped
snowplow, snowplough	https://en.wikipedia.org/wiki/Snowplow
fire engine, fire truck	https://en.wikipedia.org/wiki/Fire_engine
garbage truck, dustcart	https://en.wikipedia.org/wiki/Garbage_truck
pickup, pickup truck	https://en.wikipedia.org/wiki/Pickup
tow truck, tow car, wrecker	https://en.wikipedia.org/wiki/Tow_truck
moving van	https://en.wikipedia.org/wiki/Moving_company
police van, police wagon, paddy wagon, patrol wagon, wagon, black Maria	https://en.wikipedia.org/wiki/Police_van
recreational vehicle, RV, R.V.	https://en.wikipedia.org/wiki/Recreational_vehicle
snowmobile	https://en.wikipedia.org/wiki/Snowmobile
tractor	https://en.wikipedia.org/wiki/Tractor
mobile home, manufactured home	https://en.wikipedia.org/wiki/Mobile_home
tricycle, trike, velocipede	https://en.wikipedia.org/wiki/Tricycle
unicycle, monocycle	https://en.wikipedia.org/wiki/Unicycle
mosquito net	https://en.wikipedia.org/wiki/Mosquito_net
bassinet	https://en.wikipedia.org/wiki/Bassinet
cradle	https://en.wikipedia.org/wiki/Cradle
four-poster	https://en.wikipedia.org/wiki/Four-poster_bed
bookcase	https://en.wikipedia.org/wiki/Bookcase
china cabinet, china closet	https://en.wikipedia.org/wiki/China_cabinet
chiffonier, commode	https://en.wikipedia.org/wiki/Chiffonier
file, file cabinet, filing cabinet	https://en.wikipedia.org/wiki/Filing_cabinet
park bench	https://en.wikipedia.org/wiki/Bench_(furniture)
barber chair	https://en.wikipedia.org/wiki/Barber_chair
throne	https://en.wikipedia.org/wiki/Throne
folding chair	https://en.wikipedia.org/wiki/Folding_chair
rocking chair, rocker	https://en.wikipedia.org/wiki/Rocking_chair
toilet seat	https://en.wikipedia.org/wiki/Toilet_seat
desk	https://en.wikipedia.org/wiki/Desk
dining table, board	https://en.wikipedia.org/wiki/Table_(furniture)
wardrobe, closet, press	https://en.wikipedia.org/wiki/Wardrobe
Granny Smith	https://en.wikipedia.org/wiki/Granny_Smith
orange	https://en.wikipedia.org/wiki/Orange
lemon	https://en.wikipedia.org/wiki/Lemon
pineapple, ananas	https://en.wikipedia.org/wiki/Pineapple
banana	https://en.wikipedia.org/wiki/Banana
jackfruit, jak, jack	https://en.wikipedia.org/wiki/Jackfruit
custard apple	https://en.wikipedia.org/wiki/Custard_apple
pomegranate	https://en.wikipedia.org/wiki/Pomegranate
acorn	https://en.wikipedia.org/wiki/Acorn
hip, rose hip, rosehip	https://en.wikipedia.org/wiki/Hip
rapeseed	https://en.wikipedia.org/wiki/Rapeseed
buckeye, horse chestnut, conker	https://en.wikipedia.org/wiki/Buckeye
organ, pipe organ	https://en.wikipedia.org/wiki/Organ
chime, bell, gong	https://en.wikipedia.org/wiki/Chime_(bell_instrument)
drum, membranophone, tympan	https://en.wikipedia.org/wiki/Drum
gong, tam-tam	https://en.wikipedia.org/wiki/Gong
maraca	https://en.wikipedia.org/wiki/Maraca
marimba, xylophone	https://en.wikipedia.org/wiki/Marimba
banjo	https://en.wikipedia.org/wiki/Banjo
cello, violoncello	https://en.wikipedia.org/wiki/Cello
lampshade, lamp shade	https://en.wikipedia.org/wiki/Lampshade
harp	https://en.wikipedia.org/wiki/Harp
acoustic guitar	https://en.wikipedia.org/wiki/Acoustic_guitar
electric guitar	https://en.wikipedia.org/wiki/Electric_guitar
cornet, horn, trumpet, trump	https://en.wikipedia.org/wiki/Cornet
French horn, horn	https://en.wikipedia.org/wiki/French_horn
trombone	https://en.wikipedia.org/wiki/Trombone
harmonica, mouth organ, harp, mouth harp	https://en.wikipedia.org/wiki/Harmonica
ocarina, sweet potato	https://en.wikipedia.org/wiki/Ocarina
bassoon	https://en.wikipedia.org/wiki/Bassoon
sax, saxophone	https://en.wikipedia.org/wiki/Sax
flute, transverse flute	https://en.wikipedia.org/wiki/Flute
yellow lady's slipper, yellow lady-slipper, Cypripedium calceolus, Cypripedium parviflorum	https://en.wikipedia.org/wiki/Cypripedium
cliff, drop, drop-off	https://en.wikipedia.org/wiki/Cliff
valley, vale	https://en.wikipedia.org/wiki/Valley
volcano	https://en.wikipedia.org/wiki/Volcano
promontory, headland, head, foreland	https://en.wikipedia.org/wiki/Promontory
coral reef	https://en.wikipedia.org/wiki/Coral_reef
seashore, coast, seacoast, sea-coast	https://en.wikipedia.org/wiki/Coast
geyser	https://en.wikipedia.org/wiki/Geyser
hatchet	https://en.wikipedia.org/wiki/Hatchet
cleaver, meat cleaver, chopper	https://en.wikipedia.org/wiki/Cleaver
plane, carpenter's plane, woodworking plane	https://en.wikipedia.org/wiki/Plane_(tool)
lawn mower, mower	https://en.wikipedia.org/wiki/Lawn_mower
hammer	https://en.wikipedia.org/wiki/Hammer
corkscrew, bottle screw	https://en.wikipedia.org/wiki/Corkscrew
can opener, tin opener	https://en.wikipedia.org/wiki/Can_opener
plunger, plumber's helper	https://en.wikipedia.org/wiki/Plunger
screwdriver	https://en.wikipedia.org/wiki/Screwdriver
shovel	https://en.wikipedia.org/wiki/Shovel
chain saw, chainsaw	https://en.wikipedia.org/wiki/Chainsaw
hen	https://en.wikipedia.org/wiki/Chicken
ostrich, Struthio camelus	https://en.wikipedia.org/wiki/Ostrich
brambling, Fringilla montifringilla	https://en.wikipedia.org/wiki/Brambling
house finch, linnet, Carpodacus mexicanus	https://en.wikipedia.org/wiki/House_finch
junco, snowbird	https://en.wikipedia.org/wiki/Junco
indigo bunting, indigo finch, indigo bird, Passerina cyanea	https://en.wikipedia.org/wiki/Indigo_bunting
robin, American robin, Turdus migratorius	https://en.wikipedia.org/wiki/Robin
bulbul	https://en.wikipedia.org/wiki/Bulbul
jay	https://en.wikipedia.org/wiki/Jay
magpie	https://en.wikipedia.org/wiki/Magpie
kite	https://en.wikipedia.org/wiki/Kite
bald eagle, American eagle, Haliaeetus leucocephalus	https://en.wikipedia.org/wiki/Bald_eagle
vulture	https://en.wikipedia.org/wiki/Vulture
great grey owl, great gray owl, Strix nebulosa	https://en.wikipedia.org/wiki/Great_grey_owl
black grouse	https://en.wikipedia.org/wiki/Black_grouse
ruffed grouse, partridge, Bonasa umbellus	https://en.wikipedia.org/wiki/Ruffed_grouse
peacock	https://en.wikipedia.org/wiki/Peafowl
quail	https://en.wikipedia.org/wiki/Quail
partridge	https://en.wikipedia.org/wiki/Partridge
macaw	https://en.wikipedia.org/wiki/Macaw
sulphur-crested cockatoo, Kakatoe galerita, Cacatua galerita	https://en.wikipedia.org/wiki/Sulphur-crested_cockatoo
coucal	https://en.wikipedia.org/wiki/Coucal
hornbill	https://en.wikipedia.org/wiki/Hornbill
hummingbird	https://en.wikipedia.org/wiki/Hummingbird
jacamar	https://en.wikipedia.org/wiki/Jacamar
toucan	https://en.wikipedia.org/wiki/Toucan
drake	https://en.wikipedia.org/wiki/Drake
red-breasted merganser, Mergus serrator	https://en.wikipedia.org/wiki/Red-breasted_merganser
goose	https://en.wikipedia.org/wiki/Goose
black swan, Cygnus atratus	https://en.wikipedia.org/wiki/Black_swan
white stork, Ciconia ciconia	https://en.wikipedia.org/wiki/White_stork
black stork, Ciconia nigra	https://en.wikipedia.org/wiki/Black_stork
spoonbill	https://en.wikipedia.org/wiki/Spoonbill
flamingo	https://en.wikipedia.org/wiki/Flamingo
little blue heron, Egretta caerulea	https://en.wikipedia.org/wiki/Little_blue_heron
bittern	https://en.wikipedia.org/wiki/Bittern
crane	https://en.wikipedia.org/wiki/Crane
limpkin, Aramus pictus	https://en.wikipedia.org/wiki/Limpkin
American coot, marsh hen, mud hen, water hen, Fulica americana	https://en.wikipedia.org/wiki/American_coot
bustard	https://en.wikipedia.org/wiki/Bustard
ruddy turnstone, Arenaria interpres	https://en.wikipedia.org/wiki/Ruddy_turnstone
redshank, Tringa totanus	https://en.wikipedia.org/wiki/Common_redshank
dowitcher	https://en.wikipedia.org/wiki/Dowitcher
oystercatcher, oyster catcher	https://en.wikipedia.org/wiki/Oystercatcher
pelican	https://en.wikipedia.org/wiki/Pelican
king penguin, Aptenodytes patagonica	https://en.wikipedia.org/wiki/King_penguin
albatross, mollymawk	https://en.wikipedia.org/wiki/Albatross
﻿concept	en wiki
safe	https://en.wikipedia.org/wiki/Safe
football helmet	https://en.wikipedia.org/wiki/Football_helmet
weevil	https://en.wikipedia.org/wiki/Weevil
stethoscope	https://en.wikipedia.org/wiki/Stethoscope
paddle, boat paddle	https://en.wikipedia.org/wiki/Paddle
wok	https://en.wikipedia.org/wiki/Wok
shower cap	https://en.wikipedia.org/wiki/Shower_cap
soap dispenser	https://en.wikipedia.org/wiki/Soap_dispenser
bell pepper	https://en.wikipedia.org/wiki/Bell_pepper
dough	https://en.wikipedia.org/wiki/Dough
gown	https://en.wikipedia.org/wiki/Gown
king crab, Alaska crab, Alaskan king crab, Alaska king crab, Paralithodes camtschatica	https://en.wikipedia.org/wiki/King_crab
sea snake	https://en.wikipedia.org/wiki/Sea_snake
scale, weighing machine	https://en.wikipedia.org/wiki/Weighing_scale
leaf beetle, chrysomelid	https://en.wikipedia.org/wiki/Leaf_beetle
muzzle	https://en.wikipedia.org/wiki/Muzzle_(mouth_guard)
pot, flowerpot	https://en.wikipedia.org/wiki/Flowerpot
bucket, pail	https://en.wikipedia.org/wiki/Bucket
planetarium	https://en.wikipedia.org/wiki/Planetarium
mouse, computer mouse	https://en.wikipedia.org/wiki/Computer_mouse
washer, automatic washer, washing machine	https://en.wikipedia.org/wiki/Washing_machine
sunscreen, sunblock, sun blocker	https://en.wikipedia.org/wiki/Sunscreen
school bus	https://en.wikipedia.org/wiki/School_bus
espresso	https://en.wikipedia.org/wiki/Espresso
radio telescope, radio reflector	https://en.wikipedia.org/wiki/Radio_telescope
space bar	https://en.wikipedia.org/wiki/Space_bar
binder, ring-binder	https://en.wikipedia.org/wiki/Ring_binder
sock	https://en.wikipedia.org/wiki/Sock
axolotl, mud puppy, Ambystoma mexicanum	https://en.wikipedia.org/wiki/Axolotl
dishwasher, dish washer, dishwashing machine	https://en.wikipedia.org/wiki/Dishwasher
odometer, hodometer, mileometer, milometer	https://en.wikipedia.org/wiki/Odometer
tailed frog, bell toad, ribbed toad, tailed toad, Ascaphus trui	https://en.wikipedia.org/wiki/Tailed_frog
computer keyboard, keypad	https://en.wikipedia.org/wiki/Computer_keyboard
bull mastiff	https://en.wikipedia.org/wiki/Bullmastiff
wine bottle	https://en.wikipedia.org/wiki/Wine_bottle
vending machine	https://en.wikipedia.org/wiki/Vending_machine
slug	https://en.wikipedia.org/wiki/Slug
damselfly	https://en.wikipedia.org/wiki/Damselfly
diaper, nappy, napkin	https://en.wikipedia.org/wiki/Diaper
giant schnauzer	https://en.wikipedia.org/wiki/Giant_Schnauzer
American lobster, Northern lobster, Maine lobster, Homarus americanus	https://en.wikipedia.org/wiki/American_lobster
diamondback, diamondback rattlesnake, Crotalus adamanteus	https://en.wikipedia.org/wiki/Eastern_diamondback_rattlesnake
stove	https://en.wikipedia.org/wiki/Portable_stove
bikini, two-piece	https://en.wikipedia.org/wiki/Bikini
kelpie	https://en.wikipedia.org/wiki/Australian_Kelpie
refrigerator, icebox	https://en.wikipedia.org/wiki/Refrigerator
eggnog	https://en.wikipedia.org/wiki/Eggnog
chain mail, ring mail, mail, chain armor, chain armour, ring armor, ring armour	https://en.wikipedia.org/wiki/Chain_mail
oscilloscope, scope, cathode-ray oscilloscope, CRO	https://en.wikipedia.org/wiki/Oscilloscope
water tower	https://en.wikipedia.org/wiki/Water_tower
artichoke, globe artichoke	https://en.wikipedia.org/wiki/Artichoke
tarantula	https://en.wikipedia.org/wiki/Tarantula
volleyball	https://en.wikipedia.org/wiki/Volleyball_(ball)
conch	https://en.wikipedia.org/wiki/Conch
grasshopper, hopper	https://en.wikipedia.org/wiki/Grasshopper
cliff dwelling	https://en.wikipedia.org/wiki/Cliff_dwelling
gar, garfish, garpike, billfish, Lepisosteus osseus	https://en.wikipedia.org/wiki/Gar
dome	https://en.wikipedia.org/wiki/Dome
envelope	https://en.wikipedia.org/wiki/Envelope
shopping basket	https://en.wikipedia.org/wiki/Shopping_basket
radio, wireless	https://en.wikipedia.org/wiki/Radio_receiver
English foxhound	https://en.wikipedia.org/wiki/English_Foxhound
ski	https://en.wikipedia.org/wiki/Ski
trifle	https://en.wikipedia.org/wiki/Trifle
screen, CRT screen	https://en.wikipedia.org/wiki/Electronic_visual_display
wolf spider, hunting spider	https://en.wikipedia.org/wiki/Wolf_spider
green snake, grass snake	https://en.wikipedia.org/wiki/Opheodrys
dung beetle	https://en.wikipedia.org/wiki/Dung_beetle
Appenzeller	https://en.wikipedia.org/wiki/Appenzeller_Sennenhund
picket fence, paling	https://en.wikipedia.org/wiki/Picket_fence
altar	https://en.wikipedia.org/wiki/Altar
coffee mug	https://en.wikipedia.org/wiki/Mug
measuring cup	https://en.wikipedia.org/wiki/Measuring_cup
sleeping bag	https://en.wikipedia.org/wiki/Sleeping_bag
African chameleon, Chamaeleo chamaeleon	https://en.wikipedia.org/wiki/African_chameleon
harvester, reaper	https://en.wikipedia.org/wiki/Combine_harvester
fiddler crab	https://en.wikipedia.org/wiki/Fiddler_crab
bell cote, bell cot	https://en.wikipedia.org/wiki/Bell-gable
stopwatch, stop watch	https://en.wikipedia.org/wiki/Stopwatch
French bulldog	https://en.wikipedia.org/wiki/French_Bulldog
radiator	https://en.wikipedia.org/wiki/Radiator
desktop computer	https://en.wikipedia.org/wiki/Desktop_computer
television, television system	https://en.wikipedia.org/wiki/Television_set
comic book	https://en.wikipedia.org/wiki/Comic_book
rotisserie	https://en.wikipedia.org/wiki/Rotisserie
breakwater, groin, groyne, mole, bulwark, seawall, jetty	https://en.wikipedia.org/wiki/Breakwater_(structure)
miniature pinscher	https://en.wikipedia.org/wiki/Miniature_Pinscher
stretcher	https://en.wikipedia.org/wiki/Stretcher_bar
barometer	https://en.wikipedia.org/wiki/Barometer
padlock	https://en.wikipedia.org/wiki/Padlock
carbonara	https://en.wikipedia.org/wiki/Carbonara
Lakeland terrier	https://en.wikipedia.org/wiki/Lakeland_Terrier
jigsaw puzzle	https://en.wikipedia.org/wiki/Jigsaw_puzzle
meerkat, mierkat	https://en.wikipedia.org/wiki/Meerkat
Irish wolfhound	https://en.wikipedia.org/wiki/Irish_wolfhound
tub, vat	https://en.wikipedia.org/wiki/Tub_(container)
Ibizan hound, Ibizan Podenco	https://en.wikipedia.org/wiki/Ibizan_Hound
basketball	https://en.wikipedia.org/wiki/Basketball_(ball)
pizza, pizza pie	https://en.wikipedia.org/wiki/Pizza
broom	https://en.wikipedia.org/wiki/Broom
Boston bull, Boston terrier	https://en.wikipedia.org/wiki/Boston_Terrier
lionfish	https://en.wikipedia.org/wiki/Pterois
chain	https://en.wikipedia.org/wiki/Chain
backpack, back pack, knapsack, packsack, rucksack, haversack	https://en.wikipedia.org/wiki/Backpack
toaster	https://en.wikipedia.org/wiki/Toaster
waffle iron	https://en.wikipedia.org/wiki/Waffle_iron
overskirt	https://en.wikipedia.org/wiki/Overskirt
minibus	https://en.wikipedia.org/wiki/Minibus
honeycomb	https://en.wikipedia.org/wiki/Honeycomb
bearskin, busby, shako	https://en.wikipedia.org/wiki/Bearskin
chow, chow chow	https://en.wikipedia.org/wiki/Chow_Chow
abacus	https://en.wikipedia.org/wiki/Abacus
binoculars, field glasses, opera glasses	https://en.wikipedia.org/wiki/Binoculars
great white shark, white shark, man-eater, man-eating shark, Carcharodon carcharias	https://en.wikipedia.org/wiki/Great_white_shark
malamute, malemute, Alaskan malamute	https://en.wikipedia.org/wiki/Alaskan_Malamute
Weimaraner	https://en.wikipedia.org/wiki/Weimaraner
cowboy hat, ten-gallon hat	https://en.wikipedia.org/wiki/Cowboy_hat
stone wall	https://en.wikipedia.org/wiki/Stone_wall
reel	https://en.wikipedia.org/wiki/Fishing_reel
Gila monster, Heloderma suspectum	https://en.wikipedia.org/wiki/Gila_monster
grille, radiator grille	https://en.wikipedia.org/wiki/Grille_(car)
sombrero	https://en.wikipedia.org/wiki/Sombrero
spotted salamander, Ambystoma maculatum	https://en.wikipedia.org/wiki/Spotted_salamander
jellyfish	https://en.wikipedia.org/wiki/Jellyfish
bow	https://en.wikipedia.org/wiki/Bow_and_arrow
loudspeaker, speaker, speaker unit, loudspeaker system, speaker system	https://en.wikipedia.org/wiki/Loudspeaker
menu	https://en.wikipedia.org/wiki/Menu
cardoon	https://en.wikipedia.org/wiki/Cardoon
lighter, light, igniter, ignitor	https://en.wikipedia.org/wiki/Lighter
paddlewheel, paddle wheel	https://en.wikipedia.org/wiki/Paddle_wheel
Christmas stocking	https://en.wikipedia.org/wiki/Christmas_stocking
butcher shop, meat market	https://en.wikipedia.org/wiki/Butcher
rock beauty, Holocanthus tricolor	https://en.wikipedia.org/wiki/Rock_beauty
hermit crab	https://en.wikipedia.org/wiki/Hermit_crab
Band Aid	https://en.wikipedia.org/wiki/Adhesive_bandage
brassiere, bra, bandeau	https://en.wikipedia.org/wiki/Bra
barbershop	https://en.wikipedia.org/wiki/Beauty_salon
thimble	https://en.wikipedia.org/wiki/Thimble
carousel, carrousel, merry-go-round, roundabout, whirligig	https://en.wikipedia.org/wiki/Carousel
grocery store, grocery, food market, market	https://en.wikipedia.org/wiki/Grocery_store
parachute, chute	https://en.wikipedia.org/wiki/Parachute
violin, fiddle	https://en.wikipedia.org/wiki/Violin
sidewinder, horned rattlesnake, Crotalus cerastes	https://en.wikipedia.org/wiki/Crotalus_cerastes
hammerhead, hammerhead shark	https://en.wikipedia.org/wiki/Hammerhead_shark
switch, electric switch, electrical switch	https://en.wikipedia.org/wiki/Switch
parallel bars, bars	https://en.wikipedia.org/wiki/Parallel_bars
bow tie, bow-tie, bowtie	https://en.wikipedia.org/wiki/Bow_tie
acorn squash	https://en.wikipedia.org/wiki/Acorn_squash
standard schnauzer	https://en.wikipedia.org/wiki/Standard_Schnauzer
brain coral	https://en.wikipedia.org/wiki/Brain_coral
butternut squash	https://en.wikipedia.org/wiki/Butternut_squash
cicada, cicala	https://en.wikipedia.org/wiki/Cicada
feather boa, boa	https://en.wikipedia.org/wiki/Feather_boa
eel	https://en.wikipedia.org/wiki/Eel
terrapin	https://en.wikipedia.org/wiki/Terrapin
solar dish, solar collector, solar furnace	https://en.wikipedia.org/wiki/Solar_thermal_collector
ice cream, icecream	https://en.wikipedia.org/wiki/Ice_cream
spiny lobster, langouste, rock lobster, crawfish, crayfish, sea crawfish	https://en.wikipedia.org/wiki/Spiny_lobster
dragonfly, darning needle, devil's darning needle, sewing needle, snake feeder, snake doctor, mosquito hawk, skeeter hawk	https://en.wikipedia.org/wiki/Dragonfly
restaurant, eating house, eating place, eatery	https://en.wikipedia.org/wiki/Restaurant
space heater	https://en.wikipedia.org/wiki/Space_heater
alligator lizard	https://en.wikipedia.org/wiki/Northern_alligator_lizard
whistle	https://en.wikipedia.org/wiki/Whistle
poncho	https://en.wikipedia.org/wiki/Poncho
quill, quill pen	https://en.wikipedia.org/wiki/Quill
tick	https://en.wikipedia.org/wiki/Tick
church, church building	https://en.wikipedia.org/wiki/Church_(building)
digital clock	https://en.wikipedia.org/wiki/Digital_clock
prayer rug, prayer mat	https://en.wikipedia.org/wiki/Prayer_rug
sea urchin	https://en.wikipedia.org/wiki/Sea_urchin
vase	https://en.wikipedia.org/wiki/Vase
microwave, microwave oven	https://en.wikipedia.org/wiki/Microwave_oven
common newt, Triturus vulgaris	https://en.wikipedia.org/wiki/Smooth_newt
Sussex spaniel	https://en.wikipedia.org/wiki/Sussex_Spaniel
king snake, kingsnake	https://en.wikipedia.org/wiki/Kingsnake
parking meter	https://en.wikipedia.org/wiki/Parking_meter
wool, woolen, woollen	https://en.wikipedia.org/wiki/Wool
collie	https://en.wikipedia.org/wiki/Rough_Collie
agaric	https://en.wikipedia.org/wiki/Agaric
tobacco shop, tobacconist shop, tobacconist	https://en.wikipedia.org/wiki/Tobacconist
boa constrictor, Constrictor constrictor	https://en.wikipedia.org/wiki/Boa_constrictor
Afghan hound, Afghan	https://en.wikipedia.org/wiki/Afghan_Hound
baseball	https://en.wikipedia.org/wiki/Baseball_(ball)
rugby ball	https://en.wikipedia.org/wiki/Rugby_ball
Irish terrier	https://en.wikipedia.org/wiki/Irish_Terrier
barrel, cask	https://en.wikipedia.org/wiki/Barrel
walking stick, walkingstick, stick insect	https://en.wikipedia.org/wiki/Walking_stick
paper towel	https://en.wikipedia.org/wiki/Paper_towel
spaghetti squash	https://en.wikipedia.org/wiki/Spaghetti_squash
hair spray	https://en.wikipedia.org/wiki/Hair_spray
necklace	https://en.wikipedia.org/wiki/Necklace
projectile, missile	https://en.wikipedia.org/wiki/Projectile
manhole cover	https://en.wikipedia.org/wiki/Manhole_cover
bakery, bakeshop, bakehouse	https://en.wikipedia.org/wiki/Bakery
garter snake, grass snake	https://en.wikipedia.org/wiki/Garter_snake
face powder	https://en.wikipedia.org/wiki/Face_powder
sewing machine	https://en.wikipedia.org/wiki/Sewing_machine
stupa, tope	https://en.wikipedia.org/wiki/Stupa
trench coat	https://en.wikipedia.org/wiki/Trench_coat
bagel, beigel	https://en.wikipedia.org/wiki/Bagel
coho, cohoe, coho salmon, blue jack, silver salmon, Oncorhynchus kisutch	https://en.wikipedia.org/wiki/Coho_salmon
coil, spiral, volute, whorl, helix	https://en.wikipedia.org/wiki/Coil_spring
chocolate sauce, chocolate syrup	https://en.wikipedia.org/wiki/Chocolate_syrup
pole	https://en.wikipedia.org/wiki/Cylinder
suit, suit of clothes	https://en.wikipedia.org/wiki/Suit
pitcher, ewer	https://en.wikipedia.org/wiki/Pitcher_(container)
seat belt, seatbelt	https://en.wikipedia.org/wiki/Seat_belt
ringlet, ringlet butterfly	https://en.wikipedia.org/wiki/Ringlet
crate	https://en.wikipedia.org/wiki/Crate
horizontal bar, high bar	https://en.wikipedia.org/wiki/Horizontal_bar
lycaenid, lycaenid butterfly	https://en.wikipedia.org/wiki/Lycaenidae
vault	https://en.wikipedia.org/wiki/Vault_(architecture)
wallet, billfold, notecase, pocketbook	https://en.wikipedia.org/wiki/Wallet
pickelhaube	https://en.wikipedia.org/wiki/Pickelhaube
lens cap, lens cover	https://en.wikipedia.org/wiki/Lens_cover
hot pot, hotpot	https://en.wikipedia.org/wiki/Hot_pot
running shoe	https://en.wikipedia.org/wiki/Sneakers
syringe	https://en.wikipedia.org/wiki/Syringe
turnstile	https://en.wikipedia.org/wiki/Turnstile
West Highland white terrier	https://en.wikipedia.org/wiki/West_Highland_White_Terrier
spatula	https://en.wikipedia.org/wiki/Spatula
ladle	https://en.wikipedia.org/wiki/Ladle_(spoon)
castle	https://en.wikipedia.org/wiki/Castle
photocopier	https://en.wikipedia.org/wiki/Photocopier
rule, ruler	https://en.wikipedia.org/wiki/Ruler
cocker spaniel, English cocker spaniel, cocker	https://en.wikipedia.org/wiki/Cocker_Spaniel
greenhouse, nursery, glasshouse	https://en.wikipedia.org/wiki/Greenhouse
beer bottle	https://en.wikipedia.org/wiki/Beer_bottle
whippet	https://en.wikipedia.org/wiki/Whippet
lipstick, lip rouge	https://en.wikipedia.org/wiki/Lipstick
hay	https://en.wikipedia.org/wiki/Hay
piggy bank, penny bank	https://en.wikipedia.org/wiki/Piggy_bank
nematode, nematode worm, roundworm	https://en.wikipedia.org/wiki/Nematode
scabbard	https://en.wikipedia.org/wiki/Scabbard
coral fungus	https://en.wikipedia.org/wiki/Clavarioid_fungi
scorpion	https://en.wikipedia.org/wiki/Scorpion
home theater, home theatre	https://en.wikipedia.org/wiki/Home_cinema
kuvasz	https://en.wikipedia.org/wiki/Kuvasz
vestment	https://en.wikipedia.org/wiki/Vestment
green mamba	https://en.wikipedia.org/wiki/Eastern_green_mamba
snail	https://en.wikipedia.org/wiki/Snail
sliding door	https://en.wikipedia.org/wiki/Sliding_door
pug, pug-dog	https://en.wikipedia.org/wiki/Pug
Dandie Dinmont, Dandie Dinmont terrier	https://en.wikipedia.org/wiki/Dandie_Dinmont_Terrier
sandal	https://en.wikipedia.org/wiki/Sandal
broccoli	https://en.wikipedia.org/wiki/Broccoli
maypole	https://en.wikipedia.org/wiki/Maypole
iron, smoothing iron	https://en.wikipedia.org/wiki/Clothes_iron
tiger beetle	https://en.wikipedia.org/wiki/Tiger_beetle
barn	https://en.wikipedia.org/wiki/Barn
window shade	https://en.wikipedia.org/wiki/Window_blind
spindle	https://en.wikipedia.org/wiki/Spindle_(textiles)
pencil box, pencil case	https://en.wikipedia.org/wiki/Pencil_case
Welsh springer spaniel	https://en.wikipedia.org/wiki/Welsh_Springer_Spaniel
doormat, welcome mat	https://en.wikipedia.org/wiki/Mat
mosque	https://en.wikipedia.org/wiki/Mosque
packet	https://en.wikipedia.org/wiki/Packet_(container)
bolete	https://en.wikipedia.org/wiki/Bolete
bee	https://en.wikipedia.org/wiki/Bee
Komodo dragon, Komodo lizard, dragon lizard, giant lizard, Varanus komodoensis	https://en.wikipedia.org/wiki/Komodo_dragon
bubble	https://en.wikipedia.org/wiki/Bubble_(physics)
Pembroke, Pembroke Welsh corgi	https://en.wikipedia.org/wiki/Pembroke_Welsh_Corgi
sea anemone, anemone	https://en.wikipedia.org/wiki/Sea_anemone
mantis, mantid	https://en.wikipedia.org/wiki/Mantis
Indian cobra, Naja naja	https://en.wikipedia.org/wiki/Indian_cobra
pretzel	https://en.wikipedia.org/wiki/Pretzel
Maltese dog, Maltese terrier, Maltese	https://en.wikipedia.org/wiki/Maltese_dog
meat loaf, meatloaf	https://en.wikipedia.org/wiki/Meatloaf
pillow	https://en.wikipedia.org/wiki/Pillow
remote control, remote	https://en.wikipedia.org/wiki/Remote_control
printer	https://en.wikipedia.org/wiki/Printer_(computing)
quilt, comforter, comfort, puff	https://en.wikipedia.org/wiki/Quilt
bloodhound, sleuthhound	https://en.wikipedia.org/wiki/Bloodhound
puck, hockey puck	https://en.wikipedia.org/wiki/Hockey_puck
loggerhead, loggerhead turtle, Caretta caretta	https://en.wikipedia.org/wiki/Loggerhead_sea_turtle
apron	https://en.wikipedia.org/wiki/Apron
gyromitra	https://en.wikipedia.org/wiki/Gyromitra
cauliflower	https://en.wikipedia.org/wiki/Cauliflower
black widow, Latrodectus mactans	https://en.wikipedia.org/wiki/Latrodectus_mactans
guillotine	https://en.wikipedia.org/wiki/Guillotine
night snake, Hypsiglena torquata	https://en.wikipedia.org/wiki/Night_snake
Kerry blue terrier	https://en.wikipedia.org/wiki/Kerry_Blue_Terrier
bolo tie, bolo, bola tie, bola	https://en.wikipedia.org/wiki/Bolo_tie
guacamole	https://en.wikipedia.org/wiki/Guacamole
megalith, megalithic structure	https://en.wikipedia.org/wiki/Megalith
perfume, essence	https://en.wikipedia.org/wiki/Perfume
projector	https://en.wikipedia.org/wiki/Projector
notebook, notebook computer	https://en.wikipedia.org/wiki/Laptop
admiral	https://en.wikipedia.org/wiki/Limenitis
handkerchief, hankie, hanky, hankey	https://en.wikipedia.org/wiki/Handkerchief
suspension bridge	https://en.wikipedia.org/wiki/Suspension_bridge
knot	https://en.wikipedia.org/wiki/Knot
goblet	https://en.wikipedia.org/wiki/Chalice
Norwegian elkhound, elkhound	https://en.wikipedia.org/wiki/Norwegian_Elkhound
fountain	https://en.wikipedia.org/wiki/Fountain
flatworm, platyhelminth	https://en.wikipedia.org/wiki/Flatworm
ballpoint, ballpoint pen, ballpen, Biro	https://en.wikipedia.org/wiki/Ballpoint_pen
oboe, hautboy, hautbois	https://en.wikipedia.org/wiki/Oboe
reflex camera	https://en.wikipedia.org/wiki/Reflex_camera
sarong	https://en.wikipedia.org/wiki/Sarong
Chihuahua	https://en.wikipedia.org/wiki/Chihuahua_(dog)
bib	https://en.wikipedia.org/wiki/Bib_(garment)
whiptail, whiptail lizard	https://en.wikipedia.org/wiki/Teiidae
zucchini, courgette	https://en.wikipedia.org/wiki/Zucchini
Dungeness crab, Cancer magister	https://en.wikipedia.org/wiki/Dungeness_crab
bonnet, poke bonnet	https://en.wikipedia.org/wiki/Bonnet_(headgear)
nipple	https://en.wikipedia.org/wiki/Baby_bottle
obelisk	https://en.wikipedia.org/wiki/Obelisk
fur coat	https://en.wikipedia.org/wiki/Fur_clothing
briard	https://en.wikipedia.org/wiki/Briard
water jug	https://en.wikipedia.org/wiki/Jug
American alligator, Alligator mississipiensis	https://en.wikipedia.org/wiki/American_alligator
cricket	https://en.wikipedia.org/wiki/Gryllidae
malinois	https://en.wikipedia.org/wiki/Belgian_Shepherd
stage	https://en.wikipedia.org/wiki/Stage_(theatre)
otterhound, otter hound	https://en.wikipedia.org/wiki/Otterhound
pick, plectrum, plectron	https://en.wikipedia.org/wiki/Plectrum
Sealyham terrier, Sealyham	https://en.wikipedia.org/wiki/Sealyham_Terrier
snorkel	https://en.wikipedia.org/wiki/Snorkel_(swimming)
Norfolk terrier	https://en.wikipedia.org/wiki/Norfolk_Terrier
beacon, lighthouse, beacon light, pharos	https://en.wikipedia.org/wiki/Beacon
triumphal arch	https://en.wikipedia.org/wiki/Triumphal_arch
miniskirt, mini	https://en.wikipedia.org/wiki/Miniskirt
prison, prison house	https://en.wikipedia.org/wiki/Prison
rock python, rock snake, Python sebae	https://en.wikipedia.org/wiki/African_rock_python
wooden spoon	https://en.wikipedia.org/wiki/Wooden_spoon
mask	https://en.wikipedia.org/wiki/Mask
fire screen, fireguard	https://en.wikipedia.org/wiki/Fire_screen
keeshond	https://en.wikipedia.org/wiki/Keeshond
totem pole	https://en.wikipedia.org/wiki/Totem_pole
affenpinscher, monkey pinscher, monkey dog	https://en.wikipedia.org/wiki/Affenpinscher
monitor	https://en.wikipedia.org/wiki/Electronic_test_equipment
palace	https://en.wikipedia.org/wiki/Palace
sea cucumber, holothurian	https://en.wikipedia.org/wiki/Sea_cucumber
Irish water spaniel	https://en.wikipedia.org/wiki/Irish_Water_Spaniel
plastic bag	https://en.wikipedia.org/wiki/Plastic_bag
borzoi, Russian wolfhound	https://en.wikipedia.org/wiki/Borzoi
abaya	https://en.wikipedia.org/wiki/Abaya
Petri dish	https://en.wikipedia.org/wiki/Petri_dish
apiary, bee house	https://en.wikipedia.org/wiki/Apiary
Tibetan terrier, chrysanthemum dog	https://en.wikipedia.org/wiki/Tibetan_Terrier
cassette	https://en.wikipedia.org/wiki/Cassette_tape
oil filter	https://en.wikipedia.org/wiki/Oil_filter
cockroach, roach	https://en.wikipedia.org/wiki/Cockroach
paintbrush	https://en.wikipedia.org/wiki/Paintbrush
snow leopard, ounce, Panthera uncia	https://en.wikipedia.org/wiki/Snow_leopard
hourglass	https://en.wikipedia.org/wiki/Hourglass
hen-of-the-woods, hen of the woods, Polyporus frondosus, Grifola frondosa	https://en.wikipedia.org/wiki/Grifola_frondosa
joystick	https://en.wikipedia.org/wiki/Joystick
window screen	https://en.wikipedia.org/wiki/Window_screen
punching bag, punch bag, punching ball, punchball	https://en.wikipedia.org/wiki/Punching_bag
Shetland sheepdog, Shetland sheep dog, Shetland	https://en.wikipedia.org/wiki/Shetland_Sheepdog
tree frog, tree-frog	https://en.wikipedia.org/wiki/Tree_frog
lab coat, laboratory coat	https://en.wikipedia.org/wiki/White_coat
Norwich terrier	https://en.wikipedia.org/wiki/Norwich_Terrier
confectionery, confectionary, candy store	https://en.wikipedia.org/wiki/Confectionery_store
sea slug, nudibranch	https://en.wikipedia.org/wiki/Sea_slug
cheeseburger	https://en.wikipedia.org/wiki/Cheeseburger
trolleybus, trolley coach, trackless trolley	https://en.wikipedia.org/wiki/Trolleybus
cinema, movie theater, movie theatre, movie house, picture palace	https://en.wikipedia.org/wiki/Movie_theater
jinrikisha, ricksha, rickshaw	https://en.wikipedia.org/wiki/Rickshaw
mushroom	https://en.wikipedia.org/wiki/Mushroom
candle, taper, wax light	https://en.wikipedia.org/wiki/Candle
oxygen mask	https://en.wikipedia.org/wiki/Oxygen_mask
dam, dike, dyke	https://en.wikipedia.org/wiki/Dam
barn spider, Araneus cavaticus	https://en.wikipedia.org/wiki/Barn_spider
nail	https://en.wikipedia.org/wiki/Nail_(fastener)
carton	https://en.wikipedia.org/wiki/Carton
pier	https://en.wikipedia.org/wiki/Pier_(architecture)
barbell	https://en.wikipedia.org/wiki/Barbell
combination lock	https://en.wikipedia.org/wiki/Combination_lock
Samoyed, Samoyede	https://en.wikipedia.org/wiki/Samoyed_dog
safety pin	https://en.wikipedia.org/wiki/Safety_pin
schipperke	https://en.wikipedia.org/wiki/Schipperke
golf ball	https://en.wikipedia.org/wiki/Golf_ball
cocktail shaker	https://en.wikipedia.org/wiki/Cocktail_shaker
tennis ball	https://en.wikipedia.org/wiki/Tennis_ball
burrito	https://en.wikipedia.org/wiki/Burrito
jean, blue jean, denim	https://en.wikipedia.org/wiki/Jeans
black and gold garden spider, Argiope aurantia	https://en.wikipedia.org/wiki/Argiope_aurantia
balance beam, beam	https://en.wikipedia.org/wiki/Balance_beam
centipede	https://en.wikipedia.org/wiki/Centipede
buckle	https://en.wikipedia.org/wiki/Buckle
tripod	https://en.wikipedia.org/wiki/Tripod
spider web, spider's web	https://en.wikipedia.org/wiki/Spider_web
pop bottle, soda bottle	https://en.wikipedia.org/wiki/Plastic_bottle
ringneck snake, ring-necked snake, ring snake	https://en.wikipedia.org/wiki/Ring-necked_snake
loupe, jeweler's loupe	https://en.wikipedia.org/wiki/Loupe
mousetrap	https://en.wikipedia.org/wiki/Mousetrap
Airedale, Airedale terrier	https://en.wikipedia.org/wiki/Airedale_Terrier
rifle	https://en.wikipedia.org/wiki/Rifle
teddy, teddy bear	https://en.wikipedia.org/wiki/Teddy_bear
shield, buckler	https://en.wikipedia.org/wiki/Shield
purse	https://en.wikipedia.org/wiki/Coin_purse
slot, one-armed bandit	https://en.wikipedia.org/wiki/Slot_machine
stole	https://en.wikipedia.org/wiki/Shawl
crayfish, crawfish, crawdad, crawdaddy	https://en.wikipedia.org/wiki/Crayfish
soup bowl	https://en.wikipedia.org/wiki/Bowl
dhole, Cuon alpinus	https://en.wikipedia.org/wiki/Dhole
brown bear, bruin, Ursus arctos	https://en.wikipedia.org/wiki/Brown_bear
boathouse	https://en.wikipedia.org/wiki/Boathouse
potpie	https://en.wikipedia.org/wiki/Pot_pie
Siberian husky	https://en.wikipedia.org/wiki/Siberian_Husky
viaduct	https://en.wikipedia.org/wiki/Viaduct
traffic light, traffic signal, stoplight	https://en.wikipedia.org/wiki/Traffic_light
water bottle	https://en.wikipedia.org/wiki/Water_bottle
Pomeranian	https://en.wikipedia.org/wiki/Pomeranian_dog
library	https://en.wikipedia.org/wiki/Library
pedestal, plinth, footstall	https://en.wikipedia.org/wiki/Pedestal
shoji	https://en.wikipedia.org/wiki/Shoji
hook, claw	https://en.wikipedia.org/wiki/Hook
cowboy boot	https://en.wikipedia.org/wiki/Cowboy_boot
sunglass	https://en.wikipedia.org/wiki/Sunglasses
agama	https://en.wikipedia.org/wiki/Agama_(lizard)
sturgeon	https://en.wikipedia.org/wiki/Sturgeon
red wine	https://en.wikipedia.org/wiki/Red_wine
Rottweiler	https://en.wikipedia.org/wiki/Rottweiler
dumbbell	https://en.wikipedia.org/wiki/Dumbbell
Cardigan, Cardigan Welsh corgi	https://en.wikipedia.org/wiki/Cardigan_Welsh_Corgi
fountain pen	https://en.wikipedia.org/wiki/Fountain_pen
cucumber, cuke	https://en.wikipedia.org/wiki/Cucumber
cabbage butterfly	https://en.wikipedia.org/wiki/Pieris_brassicae
box turtle, box tortoise	https://en.wikipedia.org/wiki/Box_turtle
Dutch oven	https://en.wikipedia.org/wiki/Dutch_oven
assault rifle, assault gun	https://en.wikipedia.org/wiki/Assault_rifle
cuirass	https://en.wikipedia.org/wiki/Cuirass
electric ray, crampfish, numbfish, torpedo	https://en.wikipedia.org/wiki/Electric_ray
cash machine, cash dispenser, automated teller machine, automatic teller machine, automated teller, automatic teller, ATM	https://en.wikipedia.org/wiki/Automated_teller_machine
basset, basset hound	https://en.wikipedia.org/wiki/Basset_Hound
cup	https://en.wikipedia.org/wiki/Cup
skunk, polecat, wood pussy	https://en.wikipedia.org/wiki/Skunk
cannon	https://en.wikipedia.org/wiki/Cannon
velvet	https://en.wikipedia.org/wiki/Velvet
maillot, tank suit	https://en.wikipedia.org/wiki/Maillot
chiton, coat-of-mail shell, sea cradle, polyplacophore	https://en.wikipedia.org/wiki/Chiton
military uniform	https://en.wikipedia.org/wiki/Military_uniform
common iguana, iguana, Iguana iguana	https://en.wikipedia.org/wiki/Iguana
kimono	https://en.wikipedia.org/wiki/Kimono
teapot	https://en.wikipedia.org/wiki/Teapot
tray	https://en.wikipedia.org/wiki/Tray
trilobite	https://en.wikipedia.org/wiki/Trilobite
jack-o'-lantern	https://en.wikipedia.org/wiki/Jack-o'-lantern
breastplate, aegis, egis	https://en.wikipedia.org/wiki/Breastplate
pencil sharpener	https://en.wikipedia.org/wiki/Pencil_sharpener
tench, Tinca tinca	https://en.wikipedia.org/wiki/Tench
sundial	https://en.wikipedia.org/wiki/Sundial
cellular telephone, cellular phone, cellphone, cell, mobile phone	https://en.wikipedia.org/wiki/Mobile_phone
mashed potato	https://en.wikipedia.org/wiki/Mashed_potato
yurt	https://en.wikipedia.org/wiki/Yurt
thresher, thrasher, threshing machine	https://en.wikipedia.org/wiki/Threshing_machine
slide rule, slipstick	https://en.wikipedia.org/wiki/Slide_rule
crutch	https://en.wikipedia.org/wiki/Crutch
triceratops	https://en.wikipedia.org/wiki/Triceratops
knee pad	https://en.wikipedia.org/wiki/Knee_pad
stingray	https://en.wikipedia.org/wiki/Stingray
lotion	https://en.wikipedia.org/wiki/Lotion
fly	https://en.wikipedia.org/wiki/Fly
papillon	https://en.wikipedia.org/wiki/Papillon_dog
goldfish, Carassius auratus	https://en.wikipedia.org/wiki/Goldfish
tiger shark, Galeocerdo cuvieri	https://en.wikipedia.org/wiki/Tiger_shark
screw	https://en.wikipedia.org/wiki/Screw
bathtub, bathing tub, bath, tub	https://en.wikipedia.org/wiki/Bathtub
bottlecap	https://en.wikipedia.org/wiki/Bottle_cap
potter's wheel	https://en.wikipedia.org/wiki/Potter's_wheel
swing	https://en.wikipedia.org/wiki/Swing_(seat)
hamper	https://en.wikipedia.org/wiki/Hamper
ground beetle, carabid beetle	https://en.wikipedia.org/wiki/Ground_beetle
microphone, mike	https://en.wikipedia.org/wiki/Microphone
clumber, clumber spaniel	https://en.wikipedia.org/wiki/Clumber_Spaniel
brass, memorial tablet, plaque	https://en.wikipedia.org/wiki/Spirit_tablet
torch	https://en.wikipedia.org/wiki/Torch
cairn, cairn terrier	https://en.wikipedia.org/wiki/Cairn_Terrier
patio, terrace	https://en.wikipedia.org/wiki/Patio
beagle	https://en.wikipedia.org/wiki/Beagle
coffeepot	https://en.wikipedia.org/wiki/Coffeemaker
Saluki, gazelle hound	https://en.wikipedia.org/wiki/Saluki
clog, geta, patten, sabot	https://en.wikipedia.org/wiki/Clog
leafhopper	https://en.wikipedia.org/wiki/Leafhopper
Bedlington terrier	https://en.wikipedia.org/wiki/Bedlington_Terrier
wing	https://en.wikipedia.org/wiki/Wing
frying pan, frypan, skillet	https://en.wikipedia.org/wiki/Frying_pan
Leonberg	https://en.wikipedia.org/wiki/Leonberger
spotlight, spot	https://en.wikipedia.org/wiki/Spotlight_(theatre_lighting)
cloak	https://en.wikipedia.org/wiki/Cloak
bulletproof vest	https://en.wikipedia.org/wiki/Bulletproof_vest
water snake	https://en.wikipedia.org/wiki/Green_anaconda
curly-coated retriever	https://en.wikipedia.org/wiki/Curly-coated_Retriever
scoreboard	https://en.wikipedia.org/wiki/Scoreboard
wig	https://en.wikipedia.org/wiki/Wig
modem	https://en.wikipedia.org/wiki/Modem
monastery	https://en.wikipedia.org/wiki/Monastery
cardigan	https://en.wikipedia.org/wiki/Cardigan_(sweater)
chickadee	https://en.wikipedia.org/wiki/Black-capped_chickadee
entertainment center	https://en.wikipedia.org/wiki/Home_cinema
maillot	https://en.wikipedia.org/wiki/Maillot
medicine chest, medicine cabinet	https://en.wikipedia.org/wiki/Bathroom_cabinet
mixing bowl	https://en.wikipedia.org/wiki/Bowl
sunglasses, dark glasses, shades	https://en.wikipedia.org/wiki/Sunglasses
wood rabbit, cottontail, cottontail rabbit	https://en.wikipedia.org/wiki/Cottontail_rabbit